id,class
c120206630529453.jpg,1
c26953983866159.jpg,2
c66518374056748.jpg,2
c502375633091114.jpg,3
c642668085623025.jpg,2
c161686820170477.jpg,1
c69138333549294.jpg,2
c681122382146244.jpg,1
c140095386682294.jpg,3
c77404148031047.jpg,2
c374964214973542.jpg,2
c798671529259280.jpg,1
c753364008827124.jpg,3
c193333233387476.jpg,3
c780917633565772.jpg,1
c926031886789944.jpg,2
c644043608731078.jpg,1
c79964679253477.jpg,2
c825212135262536.jpg,1
c238676412933635.jpg,3
c843697957899275.jpg,2
c77188530648943.jpg,1
c98633565633189.jpg,1
c298202738044464.jpg,1
c737756970893769.jpg,2
c94681783397423.jpg,3
c265363531345351.jpg,1
c214915956312744.jpg,3
c301835846726671.jpg,2
c532988512260823.jpg,2
c451945527745895.jpg,3
c706568764432397.jpg,1
c624562940068940.jpg,3
c242952635889973.jpg,3
c951452949149109.jpg,1
c877314750235357.jpg,3
c913368971355777.jpg,1
c568079274551202.jpg,1
c106561036755715.jpg,3
c527186796743360.jpg,3
c848329705714785.jpg,1
c281579211549681.jpg,3
c205375176463895.jpg,1
c968099690156774.jpg,2
c45875157656734.jpg,3
c311375195536582.jpg,3
c492623351633233.jpg,1
c34584278365440.jpg,1
c521005142016004.jpg,3
c879474171510619.jpg,1
c55925764421767.jpg,2
c412932578210948.jpg,2
c886409522618671.jpg,1
c787401996441597.jpg,1
c45512566562617.jpg,2
c583655001071120.jpg,1
c287885389296405.jpg,1
c703056203489120.jpg,2
c578396726870048.jpg,2
c526135605664417.jpg,3
c340994034110209.jpg,3
c543413156754875.jpg,1
c265713111677900.jpg,1
c901881621083877.jpg,2
c372816014994923.jpg,1
c727026371153656.jpg,1
c897779591716188.jpg,3
c981393741415713.jpg,3
c17318435760353.jpg,1
c6320885787507.jpg,3
c76365839049686.jpg,2
c32870878895865.jpg,3
c921501008529595.jpg,1
c584286110148408.jpg,1
c780165190560614.jpg,3
c327378019562166.jpg,2
c100561774942763.jpg,1
c276183444124136.jpg,3
c464611583336889.jpg,2
c7257699818777.jpg,3
c448435648270759.jpg,3
c941287130790622.jpg,1
c829348991018002.jpg,3
c854372508198513.jpg,3
c226212330722673.jpg,3
c809333312246318.jpg,2
c58018778020127.jpg,3
c137177986138150.jpg,2
c708842340952985.jpg,2
c469402477628632.jpg,2
c945053237391840.jpg,3
c502567508080874.jpg,3
c343711166085780.jpg,2
c793254717649535.jpg,1
c476103638845.jpg,2
c19845406214975.jpg,1
c307545966012635.jpg,3
c239357094213031.jpg,3
c943246396314770.jpg,3
c59646567064886.jpg,2
c731369918311645.jpg,1
c435455641048745.jpg,1
c642824379780892.jpg,3
c713359287794381.jpg,3
c247404316216586.jpg,3
c283791377453426.jpg,3
c6368130372102.jpg,1
c322659763999668.jpg,2
c311766934422965.jpg,1
c676957750198512.jpg,3
c812533142516974.jpg,3
c27505344027492.jpg,1
c2121597124752.jpg,1
c14143850579648.jpg,3
c769429188557461.jpg,3
c45572987028538.jpg,2
c66182841548866.jpg,1
c632576154517743.jpg,3
c51387839293856.jpg,1
c447116715097641.jpg,3
c679127392974706.jpg,3
c81314633362425.jpg,2
c63072685759132.jpg,1
c898099126126896.jpg,3
c534501724757537.jpg,3
c899637929565147.jpg,1
c163447099525015.jpg,2
c359358603871312.jpg,1
c33006912121979.jpg,2
c472913090352806.jpg,3
c585048005091853.jpg,1
c521898290611209.jpg,3
c464608318074018.jpg,1
c813999828817077.jpg,3
c855026796632248.jpg,2
c527857516112211.jpg,2
c868599449739823.jpg,1
c667742467139749.jpg,2
c443254322133528.jpg,3
c91241248349449.jpg,2
c277023662321269.jpg,2
c637585737746159.jpg,2
c371147530070144.jpg,3
c35154217036199.jpg,1
c736259496651294.jpg,3
c293016905741679.jpg,1
c968619064089376.jpg,3
c251145229826175.jpg,1
c203939243949148.jpg,1
c20120569415497.jpg,1
c361426745374369.jpg,2
c81816925017918.jpg,3
c3462356093969.jpg,3
c444719448515106.jpg,1
c640067662556282.jpg,3
c90108954129447.jpg,3
c853669148628343.jpg,3
c82266667939996.jpg,3
c13342241187919.jpg,3
c6239342170872.jpg,3
c87422768657018.jpg,2
c314427530942931.jpg,3
c632754783961494.jpg,2
c485041498161028.jpg,2
c43728017730776.jpg,1
c18196444471030.jpg,3
c259101544449426.jpg,2
c747685153121076.jpg,2
c34930378758185.jpg,3
c658559942371616.jpg,3
c736448732894394.jpg,3
c172778968261199.jpg,1
c44157285838140.jpg,3
c381701458656528.jpg,1
c1595373578690.jpg,2
c131661987952362.jpg,2
c868977942826874.jpg,1
c899654839275485.jpg,3
c57248364889023.jpg,1
c1187918958017.jpg,3
c540659724296221.jpg,1
c456988343710009.jpg,1
c47354748464649.jpg,3
c536393895015825.jpg,3
c706051667418225.jpg,2
c837323498992557.jpg,1
c6013369313719.jpg,2
c918439046293375.jpg,3
c443962181121631.jpg,2
c184453551931545.jpg,2
c86686907078832.jpg,2
c800335854666186.jpg,3
c36196737458739.jpg,2
c721398553526427.jpg,1
c2314444141422.jpg,2
c7469711485104.jpg,2
c45324879959922.jpg,1
c991481152787041.jpg,3
c736409343583114.jpg,2
c889234708254787.jpg,3
c531474944115945.jpg,2
c856427910733332.jpg,3
c954585117554465.jpg,3
c985002726291763.jpg,3
c55973104699493.jpg,3
c919897711229129.jpg,1
c778568050834626.jpg,1
c55592012324654.jpg,1
c903764322758987.jpg,3
c16260919188942.jpg,3
c509853715557023.jpg,2
c227193912787980.jpg,3
c921337299612576.jpg,2
c90573528845189.jpg,2
c136985788447597.jpg,2
c185642477824481.jpg,3
c969626582053591.jpg,1
c615799068187012.jpg,1
c17463425790121.jpg,3
c469367701751142.jpg,1
c607914280674861.jpg,1
c46796264909402.jpg,1
c365749020824751.jpg,2
c860638028987165.jpg,1
c456956919519275.jpg,1
c206552127033843.jpg,1
c504112533499499.jpg,2
c811879366947313.jpg,2
c7520262884315.jpg,1
c274899331999474.jpg,1
c767157312116051.jpg,3
c480531538892017.jpg,3
c402534156120739.jpg,1
c460488159260374.jpg,1
c405621609982046.jpg,3
c638343143550842.jpg,2
c70453889169326.jpg,1
c62509576785365.jpg,3
c34054041190872.jpg,3
c395388011383481.jpg,3
c90287538185563.jpg,2
c930219484395763.jpg,2
c295586101925160.jpg,1
c16107215948318.jpg,2
c144672605454367.jpg,1
c674934710792375.jpg,2
c523662779561351.jpg,3
c762783224466840.jpg,3
c25016432237635.jpg,1
c639015587519991.jpg,1
c227995932093226.jpg,3
c888171437272950.jpg,2
c40853256862526.jpg,3
c688138167177544.jpg,2
c134203957375788.jpg,2
c471253608012111.jpg,1
c233798107716741.jpg,3
c937959901893886.jpg,2
c604173432526483.jpg,3
c893594913027004.jpg,1
c808866745323398.jpg,3
c831827615141031.jpg,3
c19692498434000.jpg,3
c71616772748560.jpg,3
c866669999849457.jpg,2
c290073204531646.jpg,3
c630426226255241.jpg,1
c1891798114953.jpg,3
c793072470148.jpg,1
c61795941044198.jpg,1
c673605477366429.jpg,1
c997271291268093.jpg,3
c939065690695389.jpg,3
c854087095523797.jpg,3
c267835248260671.jpg,3
c712056172954246.jpg,1
c249963184223985.jpg,2
c733443864939144.jpg,3
c976119694116106.jpg,1
c168306995950171.jpg,3
c424727645981312.jpg,3
c59875640146507.jpg,2
c771248227728430.jpg,1
c68035896764912.jpg,1
c938411615361696.jpg,3
c415958733292172.jpg,3
c342709566135169.jpg,1
c470146531051105.jpg,3
c556021658947247.jpg,1
c894893027982375.jpg,3
c10872294655687.jpg,3
c719819551835842.jpg,1
c267773510532792.jpg,2
c773781184750790.jpg,3
c211323681538071.jpg,3
c12781157765731.jpg,3
c999112150730900.jpg,3
c18832695154047.jpg,1
c465991931255900.jpg,3
c975336085265981.jpg,1
c890079036246962.jpg,1
c86003367707147.jpg,1
c857993931612478.jpg,1
c629433950371798.jpg,1
c368293718890144.jpg,3
c672182584753072.jpg,3
c85177647212225.jpg,1
c94937275757497.jpg,2
c688754308077374.jpg,2
c832203834311376.jpg,3
c605641677338326.jpg,2
c496519089664369.jpg,3
c947006861037628.jpg,3
c434205421121431.jpg,1
c815043263977106.jpg,2
c742762639664634.jpg,3
c854124468613620.jpg,3
c34724918871322.jpg,1
c667352154374104.jpg,3
c785488989626000.jpg,1
c3505362156384.jpg,1
c575809383339369.jpg,3
c35164836017323.jpg,3
c729665117396311.jpg,3
c96961895247257.jpg,2
c472841767839633.jpg,2
c730783452890336.jpg,3
c603427403925047.jpg,2
c209891019773229.jpg,3
c600016007692603.jpg,3
c888072221672888.jpg,1
c666668301667444.jpg,3
c9853400472469.jpg,1
c94749416224971.jpg,1
c302101953872606.jpg,2
c56838760475828.jpg,3
c759559357633537.jpg,2
c69575904122409.jpg,1
c651397693969464.jpg,1
c697818468979891.jpg,2
c97997801568961.jpg,3
c345581766483573.jpg,1
c52138567921753.jpg,2
c11851431630519.jpg,1
c904049918875866.jpg,3
c688295816590673.jpg,1
c768529876175826.jpg,3
c734044867095644.jpg,1
c7032054249282.jpg,1
c1983194928366.jpg,1
c889376576316080.jpg,1
c100205781480979.jpg,2
c689338664771732.jpg,3
c557898406374849.jpg,1
c265966600032176.jpg,3
c99437851822344.jpg,1
c231183422947244.jpg,3
c63704742515665.jpg,1
c778831088158499.jpg,3
c120661287747267.jpg,1
c451089336654020.jpg,1
c776572182179972.jpg,2
c443582267093740.jpg,3
c85778259676051.jpg,2
c99082623594484.jpg,1
c35522610587127.jpg,1
c701563179254592.jpg,1
c330256519390073.jpg,3
c975898248394505.jpg,2
c779921948583535.jpg,1
c668932737919463.jpg,1
c229021944378853.jpg,2
c2724219672888.jpg,1
c966417558416439.jpg,1
c564636540942025.jpg,2
c66788660798739.jpg,1
c945301468072775.jpg,1
c366422117380922.jpg,1
c134549373797675.jpg,2
c838212355735640.jpg,2
c751912795516783.jpg,3
c794689700972860.jpg,2
c900337416919846.jpg,1
c502181561618568.jpg,1
c223864765980240.jpg,3
c124157985644342.jpg,3
c797735885274782.jpg,3
c269617434034837.jpg,3
c303924199047515.jpg,3
c177606247379187.jpg,2
c56452769696239.jpg,1
c272159706067697.jpg,3
c311916936471551.jpg,2
c506455170618590.jpg,1
c30507616235327.jpg,1
c90639432318788.jpg,3
c134134409382075.jpg,2
c741231872481357.jpg,3
c105559732019975.jpg,3
c304897413364546.jpg,3
c280989264519779.jpg,2
c788431276541116.jpg,2
c155075728230850.jpg,2
c39239341670946.jpg,1
c565276312381773.jpg,2
c269286329878988.jpg,3
c901478197028985.jpg,3
c273226029022.jpg,1
c621705390137164.jpg,1
c271171108642181.jpg,3
c743089301153598.jpg,1
c41913779514210.jpg,1
c330998268612334.jpg,3
c583231669493127.jpg,1
c787417324360109.jpg,1
c279401771287394.jpg,2
c380241498692097.jpg,2
c500877506358835.jpg,1
c493486612092440.jpg,2
c351067398160499.jpg,3
c859379368716882.jpg,1
c753622324172072.jpg,1
c342497226359089.jpg,3
c829582552732503.jpg,1
c28692212970414.jpg,3
c275799002650769.jpg,1
c574671776127452.jpg,1
c807966394418420.jpg,2
c933655391660468.jpg,2
c970212278291606.jpg,1
c790957483037147.jpg,3
c51569043646387.jpg,2
c33447786458790.jpg,2
c78742603835570.jpg,2
c167952354575413.jpg,2
c9303973071246.jpg,2
c977483116379945.jpg,1
c801725766339499.jpg,1
c422638058697559.jpg,2
c441893166368791.jpg,1
c768718661799276.jpg,1
c184344408322011.jpg,2
c609545021692157.jpg,3
c18239155241797.jpg,3
c935464022594301.jpg,2
c194891851852303.jpg,1
c6257095010367.jpg,1
c685293530612583.jpg,3
c628276133830238.jpg,1
c23041135339375.jpg,1
c443398319155795.jpg,3
c73592944514285.jpg,2
c369385101256091.jpg,1
c16247696251028.jpg,2
c272514981252192.jpg,1
c752665827362828.jpg,3
c570373977134542.jpg,1
c951137514043095.jpg,1
c91838226921302.jpg,2
c49717612005450.jpg,2
c606906094725114.jpg,1
c28420131982993.jpg,3
c84216892021730.jpg,2
c62288012046781.jpg,2
c925312596230279.jpg,1
c501156194635393.jpg,1
c921214643051633.jpg,2
c519821433864104.jpg,3
c638803921892697.jpg,3
c85827986358710.jpg,2
c451904752087185.jpg,3
c948069380771140.jpg,2
c83080729258368.jpg,3
c557163638887970.jpg,1
c351939598792479.jpg,2
c18425645243603.jpg,3
c11220214524280.jpg,1
c118276549360782.jpg,2
c944061183438415.jpg,1
c353553063965108.jpg,2
c179347856556316.jpg,1
c881867514463496.jpg,3
c687426670560620.jpg,2
c431505467210062.jpg,1
c629262440747529.jpg,1
c372923766481271.jpg,3
c366351211160401.jpg,1
c543914594593824.jpg,2
c43884423461192.jpg,3
c180375975513314.jpg,2
c701961287820279.jpg,3
c158767624053784.jpg,1
c44266767825504.jpg,1
c555984527627706.jpg,3
c72726551978488.jpg,3
c92153717796612.jpg,3
c96878691337756.jpg,2
c542714002186702.jpg,1
c580328846427188.jpg,1
c14558801213947.jpg,1
c36584719923859.jpg,1
c230612373888271.jpg,3
c337464999188355.jpg,2
c53924502052049.jpg,3
c71842231459869.jpg,1
c362884498925035.jpg,3
c61733673794059.jpg,2
c278817381646631.jpg,3
c75928461058873.jpg,1
c219368023241863.jpg,2
c91759492727825.jpg,3
c305236814043648.jpg,2
c365734713932889.jpg,1
c269916177989761.jpg,2
c9852426198655.jpg,2
c595114683197326.jpg,2
c724435256073002.jpg,1
c836655574038652.jpg,1
c617743029140368.jpg,3
c849006943461538.jpg,3
c24883875627820.jpg,2
c999337555628980.jpg,3
c17254032297864.jpg,3
c409391277052397.jpg,3
c92667181866947.jpg,2
c783397610847273.jpg,1
c429092624952598.jpg,3
c86125962604035.jpg,2
c196813209945474.jpg,1
c799503021774386.jpg,1
c539936988635079.jpg,3
c518468503747676.jpg,2
c40249914566851.jpg,1
c714251615444677.jpg,2
c320623081050372.jpg,1
c616737387753143.jpg,1
c378179304848683.jpg,1
c559131992350287.jpg,3
c932461688128329.jpg,3
c56557621797328.jpg,2
c113455544987830.jpg,1
c52084498559144.jpg,1
c61064835316350.jpg,3
c299808994210516.jpg,3
c338951003139734.jpg,3
c4185553874263.jpg,1
c855892000224521.jpg,3
c36894613875348.jpg,2
c941646729743242.jpg,1
c899421161441748.jpg,1
c360376540648241.jpg,3
c374164350047888.jpg,3
c528914295559.jpg,3
c6766167863997.jpg,3
c646612654049902.jpg,1
c79481713491767.jpg,2
c71078137248536.jpg,3
c840335981755198.jpg,3
c503945231833874.jpg,1
c56387181592490.jpg,1
c169577935621482.jpg,3
c95741735184299.jpg,3
c16555360789255.jpg,3
c288758317641637.jpg,3
c436787988248183.jpg,3
c108272083129488.jpg,1
c711316433088336.jpg,3
c707006514518532.jpg,2
c381566474257406.jpg,3
c1624048235177.jpg,1
c212405926380297.jpg,1
c289159996892469.jpg,2
c44078013387570.jpg,2
c12377861135809.jpg,1
c231516980523939.jpg,1
c236403886773043.jpg,1
c913299128450027.jpg,2
c31878199213807.jpg,1
c553073880962243.jpg,3
c484582021736351.jpg,3
c87490203072354.jpg,2
c103365739350489.jpg,3
c334305319592762.jpg,1
c97102367928820.jpg,2
c344149266163538.jpg,3
c66602964918148.jpg,3
c143305303399550.jpg,1
c825315218837196.jpg,2
c5027224942121.jpg,1
c872479380575177.jpg,1
c706444327300.jpg,2
c454347227420021.jpg,3
c90308627785813.jpg,1
c563159280842206.jpg,1
c94389618323400.jpg,1
c844866467790896.jpg,1
c934082111437472.jpg,3
c16266167146452.jpg,1
c668732821428805.jpg,1
c72575829589469.jpg,1
c68314120354212.jpg,1
c321174236179199.jpg,1
c373229442084998.jpg,1
c405811404741513.jpg,3
c96431792315050.jpg,2
c526225209688655.jpg,3
c54139884351882.jpg,1
c226495723864153.jpg,3
c624663299249760.jpg,3
c235855111599033.jpg,2
c810186939940141.jpg,1
c297533644843574.jpg,1
c204338262975221.jpg,3
c67677411811021.jpg,3
c985771844477764.jpg,1
c388284419888810.jpg,1
c87253428514663.jpg,1
c559975322126226.jpg,3
c300926636355077.jpg,2
c925663920487002.jpg,2
c510287362971644.jpg,1
c440662058158426.jpg,2
c767064300042206.jpg,3
c219683577665952.jpg,1
c407957397917942.jpg,3
c23649590274577.jpg,3
c36481183156142.jpg,1
c2322271030778.jpg,3
c366401884110190.jpg,1
c380595007865127.jpg,2
c7212736119802.jpg,3
c16902871275205.jpg,2
c62487734902526.jpg,1
c898218903665544.jpg,3
c703021179585603.jpg,2
c740793515970547.jpg,3
c142459168789326.jpg,3
c829931346766766.jpg,1
c87459478956137.jpg,3
c408036508627661.jpg,3
c919111486883894.jpg,1
c930305448510393.jpg,1
c752211594636127.jpg,1
c140406469434206.jpg,1
c156384444657338.jpg,3
c587266134193227.jpg,3
c65088988824256.jpg,1
c237434233842936.jpg,1
c69990184259645.jpg,3
c810016246285630.jpg,2
c813102193250248.jpg,2
c670907912760383.jpg,2
c736523705915478.jpg,2
c414268959876991.jpg,1
c61688461287972.jpg,3
c971407122913106.jpg,3
c424025391224004.jpg,3
c540779259355639.jpg,3
c362662578529611.jpg,1
c553393539680311.jpg,1
c611348003162539.jpg,3
c207348900539238.jpg,1
c651287629925739.jpg,3
c1696788426548.jpg,1
c792697119083537.jpg,1
c608408646114772.jpg,1
c983951057256512.jpg,3
c665992300057777.jpg,2
c319567573322292.jpg,3
c290043444314416.jpg,3
c724867761041387.jpg,1
c909738464939833.jpg,3
c18215867551253.jpg,2
c813466158435421.jpg,3
c21340128420834.jpg,1
c5487300011224.jpg,3
c44787558683847.jpg,1
c709028128270889.jpg,3
c798503222632336.jpg,3
c137284560812206.jpg,2
c82357805407478.jpg,3
c52147629574621.jpg,2
c991578318818571.jpg,1
c329366430966368.jpg,3
c69151244144129.jpg,1
c68142878447616.jpg,2
c719157687025415.jpg,1
c835109012859640.jpg,2
c615892354328144.jpg,1
c576457617164735.jpg,2
c963546937899261.jpg,2
c93033117346375.jpg,1
c67962551081031.jpg,3
c73233961044846.jpg,3
c644269201860986.jpg,1
c562008441689597.jpg,3
c845788045388929.jpg,2
c609019859653952.jpg,3
c557087230649035.jpg,3
c8639248193029.jpg,3
c986881341755318.jpg,1
c922706020269389.jpg,1
c737474036228527.jpg,3
c852451097619173.jpg,3
c739354418217484.jpg,3
c244209837788270.jpg,3
c470307225251297.jpg,2
c369659774330705.jpg,3
c203982561219911.jpg,1
c11732477319043.jpg,3
c213008092130336.jpg,2
c88022470785815.jpg,1
c572793400411074.jpg,3
c976406878959844.jpg,1
c2607678572918.jpg,3
c589022348433601.jpg,3
c18248700672210.jpg,3
c94771561067928.jpg,1
c30781014363219.jpg,3
c365247677445553.jpg,3
c234578890638035.jpg,3
c161734500798581.jpg,3
c4775275118059.jpg,1
c681746531732649.jpg,1
c678221502748004.jpg,1
c451906074557515.jpg,3
c476636098550753.jpg,3
c237742066762175.jpg,1
c39639565184877.jpg,2
c16692106673845.jpg,1
c697449086831067.jpg,3
c440754068267498.jpg,3
c105318890497697.jpg,2
c798685145949564.jpg,3
c321218273416508.jpg,3
c440155345369622.jpg,1
c976026692436841.jpg,2
c651634754217504.jpg,1
c19940470774667.jpg,3
c453013231896202.jpg,1
c688783251927189.jpg,1
c711235884781211.jpg,2
c944456769178477.jpg,2
c405115170513.jpg,1
c931277570666569.jpg,2
c9104759086476.jpg,3
c511669817658388.jpg,1
c156397375350640.jpg,2
c73993848059201.jpg,3
c697242587256049.jpg,1
c80554816835636.jpg,3
c940264065795757.jpg,1
c466384123941652.jpg,3
c555408153130989.jpg,2
c365428957299751.jpg,2
c705919468846891.jpg,3
c478669807091527.jpg,3
c822577807378948.jpg,3
c713286804249868.jpg,2
c697605773634586.jpg,1
c839061817159597.jpg,3
c53322930022643.jpg,3
c567028194612334.jpg,2
c119513388311437.jpg,3
c687723009386321.jpg,1
c110986146646563.jpg,3
c936687401016120.jpg,1
c514506302452685.jpg,2
c638633991368815.jpg,2
c568491568244050.jpg,3
c13212949035982.jpg,3
c268805469148460.jpg,1
c70706451048418.jpg,1
c803456664677895.jpg,1
c893106065773373.jpg,1
c130141172813115.jpg,1
c889315694844147.jpg,2
c908652282374554.jpg,1
c544027720690916.jpg,1
c912297909946322.jpg,2
c734138137427174.jpg,1
c256722045462303.jpg,3
c53923330361352.jpg,2
c133938938430676.jpg,3
c795279681459500.jpg,1
c362297530794644.jpg,3
c57637048299498.jpg,1
c81274175458316.jpg,1
c45072842862748.jpg,3
c920895637967666.jpg,3
c546445179184621.jpg,1
c404016238367530.jpg,1
c324224296036678.jpg,3
c7019488466250.jpg,1
c791416910580076.jpg,3
c744683320215352.jpg,1
c846566439511764.jpg,1
c721351678938497.jpg,1
c695649406159831.jpg,1
c473418949924377.jpg,1
c144387125739908.jpg,2
c50781884545566.jpg,3
c716182254499151.jpg,1
c298209889959843.jpg,1
c53737473077083.jpg,1
c548081264259826.jpg,2
c470002233741749.jpg,2
c536419761165700.jpg,1
c98444378533722.jpg,2
c36151268739353.jpg,3
c775131928416432.jpg,3
c798427267742551.jpg,3
c622343414760858.jpg,1
c518206848861999.jpg,3
c61811543453334.jpg,2
c717346178479058.jpg,3
c31074339903880.jpg,2
c693687467491779.jpg,3
c432193231074387.jpg,3
c9080979792840.jpg,3
c691303735099969.jpg,1
c919104749382954.jpg,1
c42653256068350.jpg,2
c84301004782052.jpg,2
c98596859742654.jpg,1
c826815286483981.jpg,2
c469342067035830.jpg,1
c171578875949848.jpg,3
c8992743418570.jpg,3
c287847422679125.jpg,1
c378665020741248.jpg,3
c774847008834298.jpg,2
c541694933075550.jpg,3
c952584949463407.jpg,2
c655162859430428.jpg,3
c413613798310465.jpg,1
c550634961541059.jpg,3
c452968726112999.jpg,1
c844795120715982.jpg,2
c275103971895303.jpg,2
c866971633980850.jpg,3
c678342820851801.jpg,3
c902771208455776.jpg,2
c806367933055434.jpg,1
c792221438339523.jpg,3
c913576925190538.jpg,2
c9692772915616.jpg,1
c58276871882040.jpg,2
c66091449170160.jpg,3
c574945052518197.jpg,3
c20064613730139.jpg,1
c214304368556785.jpg,1
c331029589343238.jpg,2
c319451886687012.jpg,3
c564746096384043.jpg,3
c718598789987915.jpg,1
c808684696820873.jpg,1
c412793842047835.jpg,1
c859293839231267.jpg,1
c942785016518.jpg,2
c845396289223353.jpg,2
c97089598789813.jpg,1
c967555099656413.jpg,3
c38888614696087.jpg,2
c610257397527769.jpg,3
c511798359814534.jpg,1
c998673129863681.jpg,2
c50409235275174.jpg,1
c355778528283727.jpg,3
c40543979688646.jpg,3
c33958423049849.jpg,1
c557888832490081.jpg,1
c934836464136555.jpg,1
c551883813836436.jpg,3
c989121433925429.jpg,1
c53085550357819.jpg,2
c975235047850481.jpg,2
c302492584447682.jpg,3
c1137626947962.jpg,1
c774462988730628.jpg,3
c291025060540712.jpg,1
c994183843262145.jpg,2
c335986497078701.jpg,2
c481549500094594.jpg,3
c338314111629193.jpg,1
c13324665124776.jpg,3
c96512102472338.jpg,3
c71956308696479.jpg,3
c552337628959623.jpg,3
c64151480793878.jpg,3
c22740107694129.jpg,3
c902556893093011.jpg,2
c308538435871528.jpg,1
c471458337390305.jpg,1
c755355844567204.jpg,1
c875628777859640.jpg,3
c196148959326055.jpg,2
c190134399310161.jpg,1
c683296555947755.jpg,3
c916122128285421.jpg,3
c85162461777972.jpg,3
c205272585875870.jpg,3
c902168752526008.jpg,3
c49058123548710.jpg,1
c860515169449222.jpg,2
c9024938325188.jpg,2
c142756340138312.jpg,3
c204827277937732.jpg,2
c531017894956970.jpg,1
c558511602396993.jpg,3
c255182732757329.jpg,1
c814574019077792.jpg,2
c61126322583779.jpg,1
c468819237994051.jpg,1
c638601370397804.jpg,3
c9108347933540.jpg,3
c653886400752608.jpg,2
c199551931119.jpg,1
c5244734862442.jpg,3
c854858707718891.jpg,3
c958428432751919.jpg,1
c37648039189429.jpg,3
c802425773933741.jpg,1
c67528806022285.jpg,2
c481765902216534.jpg,3
c831299781858890.jpg,3
c118619558643685.jpg,1
c293918081288557.jpg,2
c142722753166854.jpg,2
c803498102784892.jpg,3
c206387322647499.jpg,1
c59989775295117.jpg,2
c101763104795383.jpg,2
c658623318758617.jpg,3
c733006530510576.jpg,1
c763023654279644.jpg,3
c4123447312245.jpg,3
c34853092792363.jpg,2
c555463507349830.jpg,3
c354443780093328.jpg,2
c862497449522771.jpg,1
c687755801221659.jpg,3
c513272092895306.jpg,1
c817022921430322.jpg,2
c380209386290957.jpg,2
c999984265113476.jpg,3
c944213474185673.jpg,2
c386355833623033.jpg,2
c613536726516936.jpg,3
c509496346895418.jpg,1
c568315684535218.jpg,3
c901536215330331.jpg,3
c62050335780057.jpg,2
c363373660517573.jpg,3
c44599206975124.jpg,2
c21778982566617.jpg,3
c834045474438924.jpg,3
c919943377620431.jpg,2
c676454985995009.jpg,3
c65395716488666.jpg,3
c963174394499790.jpg,3
c885476710357557.jpg,3
c151664486373709.jpg,2
c234664433891256.jpg,3
c544113721298983.jpg,3
c325595685261349.jpg,3
c664032525474786.jpg,3
c52009399493028.jpg,2
c586081169885440.jpg,1
c442667194437844.jpg,1
c323623127787090.jpg,3
c85695378186357.jpg,3
c312876603985348.jpg,1
c636184715638503.jpg,2
c939278212955251.jpg,1
c175813945649013.jpg,2
c809944651428083.jpg,1
c829794694967844.jpg,1
c178863301496615.jpg,2
c4308292754358.jpg,1
c764567620238095.jpg,1
c360895650164847.jpg,2
c556412185650898.jpg,2
c981688119247881.jpg,1
c743205687326086.jpg,1
c371791839772300.jpg,1
c526436674172985.jpg,1
c434812612028809.jpg,3
c852906161050635.jpg,3
c25004176468831.jpg,2
c108644704257394.jpg,3
c17826545335493.jpg,1
c580829609959505.jpg,3
c828798922977676.jpg,3
c92512447233104.jpg,3
c27430599939809.jpg,2
c380173241324072.jpg,3
c990244680586444.jpg,1
c90980772120335.jpg,2
c491183001529638.jpg,3
c148041375953289.jpg,2
c269715699557500.jpg,2
c497440889395.jpg,1
c292329380894878.jpg,3
c782071992182304.jpg,3
c744635971180387.jpg,1
c61375948059547.jpg,2
c677321944989876.jpg,2
c957773103554145.jpg,1
c39096121021761.jpg,2
c501431779498534.jpg,3
c4446981966441.jpg,1
c648877334477962.jpg,2
c539727840813916.jpg,2
c290433836429457.jpg,3
c998439903140433.jpg,1
c121645416147923.jpg,2
c52302525504568.jpg,3
c23841332721329.jpg,1
c251186855695036.jpg,3
c47383549238897.jpg,1
c34508672795004.jpg,3
c674865445894810.jpg,2
c945679508978329.jpg,2
c370181839841277.jpg,1
c64506759617004.jpg,2
c444622953936332.jpg,1
c775387455673594.jpg,1
c378174514131719.jpg,1
c257653185756615.jpg,3
c67924195233528.jpg,1
c125023866614211.jpg,3
c75740500153353.jpg,1
c847872563756525.jpg,2
c1894457977456.jpg,2
c961232697579711.jpg,3
c252796849274298.jpg,1
c26756102482292.jpg,3
c202073365568867.jpg,3
c758312695543403.jpg,3
c175025090574241.jpg,1
c986522855820795.jpg,1
c320121447125304.jpg,2
c946903099984167.jpg,1
c960557095087189.jpg,3
c921947606089708.jpg,3
c39182860623643.jpg,3
c82792227155841.jpg,1
c785445547822804.jpg,1
c321434257414310.jpg,1
c295085470716900.jpg,1
c908125058027688.jpg,2
c754885318351288.jpg,2
c975382094895102.jpg,1
c247518579520808.jpg,1
c147137520649361.jpg,1
c887487994122148.jpg,2
c704751777228795.jpg,3
c4316878593684.jpg,2
c653663312527454.jpg,2
c155015401556046.jpg,3
c929478489873807.jpg,1
c468061760860403.jpg,1
c88686156266138.jpg,3
c726254982512252.jpg,3
c817872589475062.jpg,1
c155082746918662.jpg,2
c512565752029808.jpg,1
